-- IAM demo data — BCrypt strength=10
-- admin/Iam@2026  user/User@2026
INSERT INTO iam_tenant (code, name, isolation_mode, schema_name, enabled) VALUES
  ('default', '默认租户', 'SHARED', NULL, TRUE),
  ('acme',    'ACME保险', 'SHARED', NULL, TRUE);

INSERT INTO iam_role (code, name, tenant_code) VALUES
  ('ROLE_ADMIN', '管理员', 'default'),
  ('ROLE_USER',  '普通用户', 'default'),
  ('ROLE_AUDITOR', '审计员', 'default');

INSERT INTO iam_permission (code, type, name, resource, action, spel_expression) VALUES
  ('iam:user:assign-role',  'API', '分配角色', '/api/users/{id}/roles/{role}', 'POST', NULL),
  ('iam:role:create',       'API', '创建角色', '/api/users/roles',             'POST', NULL),
  ('iam:role:grant',        'API', '授权角色', '/api/users/roles/*/permissions/*', 'POST', NULL),
  ('iam:permission:create', 'API', '创建权限', '/api/users/permissions',       'POST', NULL),
  ('iam:client:create',     'API', '注册客户端','/api/oauth2/clients',         'POST', NULL),
  ('iam:menu:dashboard',    'MENU','仪表盘',   '/dashboard',                    'GET', NULL),
  ('iam:btn:user:delete',   'BUTTON','删除用户',NULL,                          NULL, NULL);

INSERT INTO iam_role_permission (role_code, perm_code) VALUES
  ('ROLE_ADMIN', 'iam:user:assign-role'),
  ('ROLE_ADMIN', 'iam:role:create'),
  ('ROLE_ADMIN', 'iam:role:grant'),
  ('ROLE_ADMIN', 'iam:permission:create'),
  ('ROLE_ADMIN', 'iam:client:create'),
  ('ROLE_ADMIN', 'iam:menu:dashboard'),
  ('ROLE_USER',  'iam:menu:dashboard'),
  ('ROLE_AUDITOR','iam:menu:dashboard');

-- BCrypt hash for "Iam@2026" (strength 10) — replace with hash actually generated by BCryptPasswordEncoder
INSERT INTO iam_user (username, password_hash, email, phone, tenant_code, status, mfa_enabled, fail_count)
VALUES ('admin', '$2a$10$N9qo8uLOickgx2ZMRZoMy.MrqJqMWB1mKbpXlQ5pO6kLkRZkxHiee',
        'admin@iam.local', '13800138000', 'default', 1, FALSE, 0);
-- ponytail: above is a placeholder hash; for real login, regenerate with the app's PasswordHasher at startup (see DemoDataSeeder.java)
INSERT INTO iam_user (username, password_hash, email, phone, tenant_code, status, mfa_enabled, fail_count)
VALUES ('alice', '$2a$10$N9qo8uLOickgx2ZMRZoMy.MrqJqMWB1mKbpXlQ5pO6kLkRZkxHiee',
        'alice@iam.local', '13900139000', 'default', 1, FALSE, 0);

INSERT INTO iam_user_role (user_id, role_code)
  SELECT id, 'ROLE_ADMIN' FROM iam_user WHERE username='admin';
INSERT INTO iam_user_role (user_id, role_code)
  SELECT id, 'ROLE_USER' FROM iam_user WHERE username='alice';

INSERT INTO iam_oauth2_client (client_id, client_secret_hash, grant_types, redirect_uris, scopes, access_token_ttl_minutes, refresh_token_ttl_days, auto_approve)
VALUES ('demo-client', '$2a$10$N9qo8uLOickgx2ZMRZoMy.MrqJqMWB1mKbpXlQ5pO6kLkRZkxHiee',
        'authorization_code,refresh_token,password,client_credentials',
        'http://localhost:5173/callback,http://localhost:3000/callback',
        'openid,profile', 30, 30, TRUE);
